/*
SQLyog Ultimate v12.08 (64 bit)
MySQL - 5.7.32-log : Database - caring
*********************************************************************
*/


/*!40101 SET NAMES utf8 */;

/*!40101 SET SQL_MODE = ''*/;

/*!40014 SET @OLD_UNIQUE_CHECKS = @@UNIQUE_CHECKS, UNIQUE_CHECKS = 0 */;
/*!40014 SET @OLD_FOREIGN_KEY_CHECKS = @@FOREIGN_KEY_CHECKS, FOREIGN_KEY_CHECKS = 0 */;
/*!40101 SET @OLD_SQL_MODE = @@SQL_MODE, SQL_MODE = 'NO_AUTO_VALUE_ON_ZERO' */;
/*!40111 SET @OLD_SQL_NOTES = @@SQL_NOTES, SQL_NOTES = 0 */;
CREATE DATABASE /*!32312 IF NOT EXISTS */`caring` /*!40100 DEFAULT CHARACTER SET utf8mb4 */;

USE `caring`;

/*Table structure for table `car_info` */

DROP TABLE IF EXISTS `car_info`;

CREATE TABLE `car_info`
(
    `id`            int(11)      NOT NULL AUTO_INCREMENT,
    `car_type`      int(11)               DEFAULT NULL COMMENT '汽车类型',
    `money`         double       NOT NULL DEFAULT '0' COMMENT '租金',
    `status`        varchar(200) NOT NULL DEFAULT '未出租' COMMENT '未出租/已出租',
    `plate_number`  varchar(20)           DEFAULT NULL COMMENT '车牌',
    `car_color`     varchar(40)           DEFAULT NULL COMMENT '汽车颜色',
    `remake`        varchar(400)          DEFAULT NULL COMMENT '描述',
    `creator_id`    int(11)      NOT NULL DEFAULT '1' COMMENT '创建人',
    `create_time`   datetime     NOT NULL DEFAULT CURRENT_TIMESTAMP COMMENT '创建时间',
    `modify_id`     int(11)               DEFAULT NULL COMMENT '修改人',
    `modify_time`   datetime              DEFAULT NULL ON UPDATE CURRENT_TIMESTAMP COMMENT '修改时间',
    `deleted`       tinyint(4)            DEFAULT '0' COMMENT '逻辑删除',
    `fversion`      int(11)               DEFAULT '0' COMMENT '版本',
    `image`         varchar(255)          DEFAULT NULL COMMENT '图片',
    `brand`         varchar(255) NOT NULL COMMENT '品牌',
    `cash_pledge`   varchar(255) NOT NULL COMMENT '押金',
    `manufacturer`  varchar(255) NOT NULL COMMENT '制造商',
    `produced_date` date                  DEFAULT NULL COMMENT '生产日期',
    PRIMARY KEY (`id`) USING BTREE
) ENGINE = InnoDB
  AUTO_INCREMENT = 27
  DEFAULT CHARSET = utf8
  ROW_FORMAT = DYNAMIC;

/*Data for the table `car_info` */

insert into `car_info`(`id`, `car_type`, `money`, `status`, `plate_number`, `car_color`, `remake`, `creator_id`,
                       `create_time`, `modify_id`, `modify_time`, `deleted`, `fversion`, `image`, `brand`,
                       `cash_pledge`, `manufacturer`, `produced_date`)
values (19, 23, 998, '未出租', 'K0000', '蓝色', '无', 2, '2021-05-14 16:57:15', 1, '2021-05-31 22:31:30', 0, 1, 'baomao.jpg',
        '宝马X6 M', '1000', '宝马汽车', '2021-05-26'),
       (20, 22, 288, '未出租', 'K1111', '黑色', '无', 2, '2021-05-14 17:00:57', 1, '2021-05-31 22:12:43', 0, 3, 'maiteng.jpg',
        '迈腾', '500', '上汽大众', '2021-05-19'),
       (21, 21, 588, '未出租', 'K6666', '黑色', '无', 2, '2021-05-14 17:12:03', 1, '2021-06-01 11:58:03', 0, 3, 'aodi.jpg',
        '奥迪A6L', '1000', '上汽大众', '2021-05-28'),
       (26, 23, 2888, '未出租', 'A1111', '黑色', '无', 2, '2021-05-31 22:04:45', NULL, NULL, 0, 0, 'benchi.jpg', '奔驰', '998',
        '北京奔驰', '2021-05-14');

/*Table structure for table `car_order` */

DROP TABLE IF EXISTS `car_order`;

CREATE TABLE `car_order`
(
    `id`           int(11)  NOT NULL AUTO_INCREMENT,
    `order_number` varchar(64)       DEFAULT NULL COMMENT '订单号',
    `car_info_id`  int(11)  NOT NULL COMMENT '汽车id',
    `customer_id`  int(11)  NOT NULL COMMENT '客户id',
    `start_date`   datetime NOT NULL COMMENT '订单开始时间',
    `end_date`     datetime NOT NULL COMMENT '订单结束时间',
    `out_date`     datetime          DEFAULT NULL COMMENT '汽车出库时间',
    `in_date`      datetime          DEFAULT NULL COMMENT '汽车入库时间',
    `money`        decimal(10, 0)    DEFAULT NULL COMMENT '汽车租金',
    `cash_pledge`  decimal(10, 0)    DEFAULT NULL COMMENT '押金',
    `creator_id`   int(11)  NOT NULL DEFAULT '1',
    `create_time`  datetime          DEFAULT CURRENT_TIMESTAMP,
    `modify_id`    int(11)           DEFAULT NULL,
    `modify_time`  datetime          DEFAULT NULL ON UPDATE CURRENT_TIMESTAMP,
    `deleted`      tinyint(4)        DEFAULT '0',
    `fversion`     int(11)           DEFAULT '0',
    `tenancy_term` int(11)           DEFAULT '0' COMMENT '处理意见',
    `state`        int(11)           DEFAULT NULL COMMENT '订单状态',
    `feedback`     varchar(200)      DEFAULT NULL,
    PRIMARY KEY (`id`) USING BTREE,
    UNIQUE KEY `order_number` (`order_number`) USING BTREE
) ENGINE = InnoDB
  AUTO_INCREMENT = 38
  DEFAULT CHARSET = utf8
  ROW_FORMAT = DYNAMIC;

/*Data for the table `car_order` */

insert into `car_order`(`id`, `order_number`, `car_info_id`, `customer_id`, `start_date`, `end_date`, `out_date`,
                        `in_date`, `money`, `cash_pledge`, `creator_id`, `create_time`, `modify_id`, `modify_time`,
                        `deleted`, `fversion`, `tenancy_term`, `state`, `feedback`)
values (30, '2021051421301058162508684872068', 20, 2, '2021-05-14 21:30:11', '2021-05-19 21:30:11',
        '2021-05-14 21:35:55', '2021-05-14 21:44:43', '288', '500', 10086, '2021-05-14 21:30:10', 2,
        '2021-05-14 21:35:55', 0, 3, 5, 6, '已经赔付'),
       (37, '2021060111543199663529167415667', 21, 2, '2021-06-01 11:54:32', '2021-06-03 11:54:32',
        '2021-06-01 11:56:36', '2021-06-01 11:58:04', '588', '1000', 10086, '2021-06-01 11:54:31', 1,
        '2021-06-01 11:56:36', 0, 3, 2, 6, '无');

/*Table structure for table `car_type` */

DROP TABLE IF EXISTS `car_type`;

CREATE TABLE `car_type`
(
    `id`          int(11)      NOT NULL AUTO_INCREMENT,
    `name`        varchar(200) NOT NULL COMMENT '类型名称',
    `remake`      varchar(200) NOT NULL COMMENT '详情',
    `creator_id`  int(11)      NOT NULL DEFAULT '1',
    `create_time` datetime              DEFAULT CURRENT_TIMESTAMP,
    `modify_id`   int(11)               DEFAULT NULL,
    `modify_time` datetime              DEFAULT NULL ON UPDATE CURRENT_TIMESTAMP,
    `deleted`     tinyint(4)            DEFAULT '0',
    `fversion`    int(11)               DEFAULT '0',
    PRIMARY KEY (`id`) USING BTREE
) ENGINE = InnoDB
  AUTO_INCREMENT = 28
  DEFAULT CHARSET = utf8
  ROW_FORMAT = DYNAMIC;

/*Data for the table `car_type` */

insert into `car_type`(`id`, `name`, `remake`, `creator_id`, `create_time`, `modify_id`, `modify_time`, `deleted`,
                       `fversion`)
values (19, '经济型', '一种发动机排量较小、车身尺寸较小、油耗相对较经济、价格也相应较低的一类轿车。', 2, '2021-05-14 16:24:40', 2, '2021-05-14 16:42:58', 0, 0),
       (20, '舒适型', '配置就在基本型和豪华型配置之间，要比豪华型差，但是比基本型好。', 2, '2021-05-14 16:26:32', 2, '2021-05-14 16:44:50', 0, 0),
       (21, '豪华型', '豪华型则是比较全面多功能的，多了些附加值、舒适性和娱乐性等的部件。倒车雷达，天窗，后视镜除霜，安全气囊，大屏幕液晶，多碟cd/dvd等都会有。', 2, '2021-05-14 16:27:26',
        2, '2021-05-14 16:45:33', 0, 0),
       (22, '商务型', '商务车即多用途汽车。集轿车、旅行车和厢式货车的功能于一身，车内每个座椅都可调整，并有多种组合的方式', 2, '2021-05-14 16:28:18', 2,
        '2021-05-14 16:46:47', 0, 0),
       (23, 'SUV', 'SUV是指运动型多用途汽车，不同于可在崎岖地面使用的ORV越野车,即城郊多用途汽车，是一种拥有旅行车般的空间机能，配以货卡车的越野能力的车型。', 2, '2021-05-14 16:34:13',
        2, '2021-05-14 16:47:44', 0, 0);

/*Table structure for table `carousel` */

DROP TABLE IF EXISTS `carousel`;

CREATE TABLE `carousel`
(
    `id`        int(11) NOT NULL AUTO_INCREMENT,
    `image_url` varchar(200) DEFAULT NULL COMMENT '轮播图片url',
    `remake`    varchar(200) DEFAULT NULL COMMENT '注释',
    `deleted`   int(11)      DEFAULT '0',
    PRIMARY KEY (`id`) USING BTREE
) ENGINE = InnoDB
  AUTO_INCREMENT = 12
  DEFAULT CHARSET = utf8
  ROW_FORMAT = DYNAMIC;

/*Data for the table `carousel` */

insert into `carousel`(`id`, `image_url`, `remake`, `deleted`)
values (4, 'aodi.jpg', '迈凯伦\n', 0),
       (5, 'baoma.jpg', '奥迪', 0),
       (6, 'maiteng.jpg', '保时捷', 0),
       (11, 'benchi.jpg', '奔驰', 0);

/*Table structure for table `check` */

DROP TABLE IF EXISTS `check`;

CREATE TABLE `check`
(
    `id`           int(11)      NOT NULL AUTO_INCREMENT,
    `order_id`     int(11)      NOT NULL COMMENT '订单id',
    `order_number` varchar(200) NOT NULL COMMENT '订单编号',
    `question`     varchar(200) NOT NULL COMMENT '问题',
    `money`        decimal(10, 2)        DEFAULT NULL COMMENT '赔付金额',
    `remake`       varchar(300)          DEFAULT NULL COMMENT '详细经过',
    `creator_id`   int(11)      NOT NULL DEFAULT '1',
    `create_time`  datetime              DEFAULT CURRENT_TIMESTAMP,
    `modify_id`    int(11)               DEFAULT NULL,
    `modify_time`  datetime              DEFAULT NULL ON UPDATE CURRENT_TIMESTAMP,
    `deleted`      tinyint(4)            DEFAULT '0',
    `fversion`     int(11)               DEFAULT '0',
    PRIMARY KEY (`id`) USING BTREE
) ENGINE = InnoDB
  AUTO_INCREMENT = 56
  DEFAULT CHARSET = utf8
  ROW_FORMAT = DYNAMIC;

/*Data for the table `check` */

insert into `check`(`id`, `order_id`, `order_number`, `question`, `money`, `remake`, `creator_id`, `create_time`,
                    `modify_id`, `modify_time`, `deleted`, `fversion`)
values (44, 30, '2021051421301058162508684872068', '刮蹭', '500.00', '在放学途中，由于车辆较多，与电动车刮蹭。', 10086, '2021-05-14 21:39:51',
        NULL, NULL, 0, 0),
       (55, 37, '2021060111543199663529167415667', '无', '0.00', '无', 10086, '2021-06-01 11:57:43', NULL, NULL, 0, 0);

/*Table structure for table `customer` */

DROP TABLE IF EXISTS `customer`;

CREATE TABLE `customer`
(
    `id`          int(200)       NOT NULL AUTO_INCREMENT,
    `username`    varchar(200)   NOT NULL,
    `password`    varchar(200)   NOT NULL,
    `remake`      varchar(200)            DEFAULT NULL,
    `activate`    varchar(200)            DEFAULT NULL COMMENT '是否激活',
    `email`       varchar(255)            DEFAULT NULL COMMENT '邮箱',
    `phone`       varchar(255)            DEFAULT NULL COMMENT '电话',
    `gender`      varchar(255)            DEFAULT NULL COMMENT '性别',
    `creator_id`  int(11)        NOT NULL DEFAULT '1',
    `create_time` datetime                DEFAULT CURRENT_TIMESTAMP,
    `modify_id`   int(11)                 DEFAULT NULL,
    `modify_time` datetime                DEFAULT NULL ON UPDATE CURRENT_TIMESTAMP,
    `deleted`     tinyint(4)              DEFAULT '0',
    `fversion`    int(11)                 DEFAULT '0',
    `money`       decimal(10, 0) NOT NULL DEFAULT '0' COMMENT '余额',
    `id_number`   varchar(255)            DEFAULT NULL COMMENT '身份证',
    `address`     varchar(255)            DEFAULT NULL COMMENT '住址',
    `profession`  varchar(255)            DEFAULT NULL COMMENT '职业',
    PRIMARY KEY (`id`) USING BTREE
) ENGINE = InnoDB
  AUTO_INCREMENT = 12
  DEFAULT CHARSET = utf8
  ROW_FORMAT = DYNAMIC;

/*Data for the table `customer` */

insert into `customer`(`id`, `username`, `password`, `remake`, `activate`, `email`, `phone`, `gender`, `creator_id`,
                       `create_time`, `modify_id`, `modify_time`, `deleted`, `fversion`, `money`, `id_number`,
                       `address`, `profession`)
values (1, 'William', '123456', '威廉', 'on', 'William@163.com', '15423654854', '男', 1, '2021-04-22 15:49:45', 1,
        '2021-05-31 22:46:20', 0, 0, '10000', '152728199801250318', '北京市', '程序员'),
       (2, 'customer', 'customer', '客户', 'on', 'customer@163.com', '15789654233', '男', 10086, '2021-04-22 16:04:57', 1,
        '2021-05-31 22:45:25', 0, 52, '38836', '152728199603241254', '上海市', '程序员'),
       (3, 'James', '123456', '詹姆士', 'on', 'James@163.com', '15789653214', '男', 10086, '2021-04-24 21:55:54', 2,
        '2021-05-14 16:00:02', 0, 0, '10000', '152728198521650315', '山东', '篮球运动员'),
       (4, 'Jessica', '123456', '杰西卡', 'on', 'Jessica@163.com', '15748546354', '女', 10086, '2021-04-25 00:16:08', 2,
        '2021-05-14 16:01:37', 0, 0, '10000', '152728199502160325', '天津', '销售员'),
       (5, 'Cameron', '123456', '卡梅伦', 'on', 'Cameron@163.com', '15704958754', '男', 10086, '2021-04-25 00:26:34', 2,
        '2021-05-14 16:11:40', 0, 0, '10000', '152728196503210256', '深圳', '医生'),
       (9, 'Anthony', '123456', '安东尼', 'on', 'Anthony@163.com', '15825963688', '女', 2, '2021-05-14 16:07:36', 1,
        '2021-05-31 22:11:00', 0, 0, '100000', '152728199812030231', '四川', '司机');

/*Table structure for table `login_log` */

DROP TABLE IF EXISTS `login_log`;

CREATE TABLE `login_log`
(
    `id`          int(10) unsigned NOT NULL AUTO_INCREMENT,
    `user`        int(10) unsigned NOT NULL COMMENT '登录人',
    `login_time`  datetime         NOT NULL COMMENT '登录时间',
    `login_ip`    varchar(32)      NOT NULL COMMENT '登录ip',
    `creator_id`  int(11)          NOT NULL DEFAULT '1',
    `create_time` datetime                  DEFAULT CURRENT_TIMESTAMP,
    `modify_id`   int(11)                   DEFAULT NULL,
    `modify_time` datetime                  DEFAULT NULL ON UPDATE CURRENT_TIMESTAMP,
    `deleted`     tinyint(4)                DEFAULT '0',
    `fversion`    int(11)                   DEFAULT '0',
    PRIMARY KEY (`id`) USING BTREE
) ENGINE = InnoDB
  AUTO_INCREMENT = 286
  DEFAULT CHARSET = utf8
  ROW_FORMAT = DYNAMIC;

/*Data for the table `login_log` */

insert into `login_log`(`id`, `user`, `login_time`, `login_ip`, `creator_id`, `create_time`, `modify_id`, `modify_time`,
                        `deleted`, `fversion`)
values (1, 2, '2021-04-13 14:50:41', '0:0:0:0:0:0:0:1', 1, '2021-04-14 09:27:52', NULL, NULL, 0, 0),
       (2, 2, '2021-04-13 14:53:00', '172.17.2.144', 1, '2021-04-14 09:27:52', NULL, NULL, 0, 0),
       (3, 2, '2021-04-13 14:53:39', '172.17.2.144', 1, '2021-04-14 09:27:52', NULL, NULL, 0, 0),
       (4, 2, '2021-04-14 16:46:01', '127.0.0.1', 10086, '2021-04-14 16:46:12', NULL, NULL, 0, 0),
       (5, 2, '2021-04-14 16:47:04', '172.17.2.144', 10086, '2021-04-14 16:47:15', NULL, NULL, 0, 0),
       (6, 2, '2021-04-16 10:01:22', '172.17.2.144', 10086, '2021-04-16 10:01:32', NULL, NULL, 0, 0),
       (7, 2, '2021-04-16 10:31:35', '172.17.2.144', 10086, '2021-04-16 10:31:44', NULL, NULL, 0, 0),
       (8, 2, '2021-04-18 13:59:06', '192.168.60.1', 10086, '2021-04-18 13:59:06', NULL, NULL, 0, 0),
       (9, 2, '2021-04-18 14:10:47', '192.168.56.1', 10086, '2021-04-18 14:10:46', NULL, NULL, 0, 0),
       (10, 2, '2021-04-18 14:15:43', '192.168.56.1', 10086, '2021-04-18 14:15:42', NULL, NULL, 0, 0),
       (11, 2, '2021-04-18 14:53:01', '223.104.178.127', 10086, '2021-04-18 14:53:00', NULL, NULL, 0, 0),
       (12, 2, '2021-04-18 14:53:01', '223.104.178.127', 10086, '2021-04-18 14:53:00', NULL, NULL, 0, 0),
       (13, 2, '2021-04-18 14:55:40', '183.192.239.238', 10086, '2021-04-18 14:55:39', NULL, NULL, 0, 0),
       (14, 2, '2021-04-18 14:55:59', '39.154.171.138', 10086, '2021-04-18 14:55:58', NULL, NULL, 0, 0),
       (15, 2, '2021-04-18 14:55:59', '39.154.171.138', 10086, '2021-04-18 14:55:59', NULL, NULL, 0, 0),
       (16, 2, '2021-04-18 14:57:44', '39.154.171.138', 10086, '2021-04-18 14:57:43', NULL, NULL, 0, 0),
       (17, 2, '2021-04-18 14:57:44', '39.154.171.138', 10086, '2021-04-18 14:57:44', NULL, NULL, 0, 0),
       (18, 2, '2021-04-18 15:19:28', '39.154.171.138', 10086, '2021-04-18 15:19:27', NULL, NULL, 0, 0),
       (19, 2, '2021-04-18 15:24:15', '183.192.239.238', 10086, '2021-04-18 15:24:14', NULL, NULL, 0, 0),
       (20, 2, '2021-04-18 22:35:40', '116.115.105.16', 10086, '2021-04-18 22:35:40', NULL, NULL, 0, 0),
       (21, 2, '2021-04-20 14:25:52', '172.17.2.144', 10086, '2021-04-20 14:25:59', NULL, NULL, 0, 0),
       (22, 2, '2021-04-21 10:53:33', '116.115.105.139', 10086, '2021-04-21 10:53:32', NULL, NULL, 0, 0),
       (23, 2, '2021-04-22 08:51:38', '116.115.105.139', 10086, '2021-04-22 08:51:37', NULL, NULL, 0, 0),
       (24, 2, '2021-04-22 09:05:18', '172.17.2.144', 10086, '2021-04-22 09:05:24', NULL, NULL, 0, 0),
       (25, 2, '2021-04-22 09:28:26', '116.115.105.139', 10086, '2021-04-22 09:28:26', NULL, NULL, 0, 0),
       (26, 6, '2021-04-22 09:31:06', '116.115.105.139', 10086, '2021-04-22 09:31:06', NULL, NULL, 0, 0),
       (27, 2, '2021-04-22 09:31:15', '116.115.105.139', 10086, '2021-04-22 09:31:14', NULL, NULL, 0, 0),
       (28, 2, '2021-04-22 09:31:49', '116.115.105.139', 10086, '2021-04-22 09:31:49', NULL, NULL, 0, 0),
       (29, 6, '2021-04-22 09:32:08', '116.115.105.139', 10086, '2021-04-22 09:32:07', NULL, NULL, 0, 0),
       (30, 2, '2021-04-22 09:33:33', '116.115.105.139', 10086, '2021-04-22 09:33:32', NULL, NULL, 0, 0),
       (31, 7, '2021-04-22 10:10:51', '116.115.105.139', 10086, '2021-04-22 10:10:51', NULL, NULL, 0, 0),
       (32, 2, '2021-04-22 10:11:15', '116.115.105.139', 10086, '2021-04-22 10:11:14', NULL, NULL, 0, 0),
       (33, 7, '2021-04-22 10:12:35', '116.115.105.139', 10086, '2021-04-22 10:12:35', NULL, NULL, 0, 0),
       (34, 2, '2021-04-22 14:31:09', '172.17.2.144', 10086, '2021-04-22 14:31:16', NULL, NULL, 0, 0),
       (35, 2, '2021-04-22 14:51:51', '172.17.2.144', 10086, '2021-04-22 14:51:58', NULL, NULL, 0, 0),
       (36, 2, '2021-04-22 14:52:55', '172.17.2.144', 10086, '2021-04-22 14:53:02', NULL, NULL, 0, 0),
       (37, 2, '2021-04-22 15:00:34', '172.17.2.144', 10086, '2021-04-22 15:00:41', NULL, NULL, 0, 0),
       (38, 2, '2021-04-22 15:06:11', '172.17.2.144', 10086, '2021-04-22 15:06:18', NULL, NULL, 0, 0),
       (39, 2, '2021-04-22 17:22:06', '172.17.2.144', 10086, '2021-04-22 17:22:13', NULL, NULL, 0, 0),
       (40, 2, '2021-04-22 17:34:34', '172.17.2.144', 10086, '2021-04-22 17:34:42', NULL, NULL, 0, 0),
       (41, 2, '2021-04-22 17:40:35', '172.17.2.144', 10086, '2021-04-22 17:40:43', NULL, NULL, 0, 0),
       (42, 2, '2021-04-22 17:44:39', '172.17.2.144', 10086, '2021-04-22 17:44:47', NULL, NULL, 0, 0),
       (43, 2, '2021-04-22 17:51:48', '172.17.2.144', 10086, '2021-04-22 17:51:55', NULL, NULL, 0, 0),
       (44, 2, '2021-04-22 23:38:01', '192.168.56.1', 10086, '2021-04-22 23:38:01', NULL, NULL, 0, 0),
       (45, 2, '2021-04-23 00:00:24', '192.168.56.1', 10086, '2021-04-23 00:00:24', NULL, NULL, 0, 0),
       (46, 2, '2021-04-23 00:06:20', '192.168.56.1', 10086, '2021-04-23 00:06:20', NULL, NULL, 0, 0),
       (47, 2, '2021-04-23 00:15:17', '192.168.56.1', 10086, '2021-04-23 00:15:16', NULL, NULL, 0, 0),
       (48, 2, '2021-04-23 00:56:07', '192.168.56.1', 10086, '2021-04-23 00:56:07', NULL, NULL, 0, 0),
       (49, 2, '2021-04-23 00:56:45', '192.168.56.1', 10086, '2021-04-23 00:56:45', NULL, NULL, 0, 0),
       (50, 2, '2021-04-23 16:39:49', '172.17.2.144', 10086, '2021-04-23 16:39:56', NULL, NULL, 0, 0),
       (51, 2, '2021-04-23 17:25:20', '172.17.2.144', 10086, '2021-04-23 17:25:27', NULL, NULL, 0, 0),
       (52, 2, '2021-04-23 21:13:51', '116.115.105.139', 10086, '2021-04-23 21:13:51', NULL, NULL, 0, 0),
       (53, 2, '2021-04-23 22:11:41', '116.115.105.139', 10086, '2021-04-23 22:11:41', NULL, NULL, 0, 0),
       (54, 2, '2021-04-23 23:26:59', '116.115.105.139', 10086, '2021-04-23 23:26:59', NULL, NULL, 0, 0),
       (55, 2, '2021-04-23 23:53:02', '116.115.105.139', 10086, '2021-04-23 23:53:01', NULL, NULL, 0, 0),
       (56, 2, '2021-04-24 21:48:46', '192.168.56.1', 10086, '2021-04-24 21:48:45', NULL, NULL, 0, 0),
       (57, 2, '2021-04-24 22:00:18', '192.168.56.1', 10086, '2021-04-24 22:00:17', NULL, NULL, 0, 0),
       (58, 2, '2021-04-24 22:17:48', '192.168.56.1', 10086, '2021-04-24 22:17:47', NULL, NULL, 0, 0),
       (59, 2, '2021-04-25 00:06:45', '116.115.105.139', 10086, '2021-04-25 00:06:45', NULL, NULL, 0, 0),
       (60, 2, '2021-04-25 00:25:29', '116.115.105.139', 10086, '2021-04-25 00:25:29', NULL, NULL, 0, 0),
       (61, 2, '2021-04-25 00:26:51', '116.115.105.139', 10086, '2021-04-25 00:26:50', NULL, NULL, 0, 0),
       (62, 2, '2021-04-25 16:48:11', '172.17.2.144', 10086, '2021-04-25 16:48:17', NULL, NULL, 0, 0),
       (63, 2, '2021-04-25 17:28:08', '180.157.249.148', 10086, '2021-04-25 17:28:08', NULL, NULL, 0, 0),
       (64, 2, '2021-04-25 17:43:17', '116.115.105.139', 10086, '2021-04-25 17:43:17', NULL, NULL, 0, 0),
       (65, 1, '2021-04-25 17:47:49', '116.115.105.139', 10086, '2021-04-25 17:47:48', NULL, NULL, 0, 0),
       (66, 2, '2021-04-25 17:49:15', '116.115.105.139', 10086, '2021-04-25 17:49:14', NULL, NULL, 0, 0),
       (67, 2, '2021-04-25 17:51:54', '116.115.105.139', 10086, '2021-04-25 17:51:54', NULL, NULL, 0, 0),
       (68, 2, '2021-04-25 17:53:17', '116.115.105.139', 10086, '2021-04-25 17:53:17', NULL, NULL, 0, 0),
       (69, 2, '2021-04-25 17:54:24', '116.115.105.139', 10086, '2021-04-25 17:54:24', NULL, NULL, 0, 0),
       (70, 2, '2021-04-25 17:59:02', '223.104.212.30', 10086, '2021-04-25 17:59:01', NULL, NULL, 0, 0),
       (71, 2, '2021-04-25 17:59:02', '223.104.212.30', 2, '2021-04-25 17:59:02', NULL, NULL, 0, 0),
       (72, 2, '2021-04-25 17:59:19', '116.115.105.139', 10086, '2021-04-25 17:59:19', NULL, NULL, 0, 0),
       (73, 2, '2021-04-25 18:59:36', '183.192.236.181', 10086, '2021-04-25 18:59:35', NULL, NULL, 0, 0),
       (74, 2, '2021-04-25 19:02:42', '116.115.105.139', 10086, '2021-04-25 19:02:42', NULL, NULL, 0, 0),
       (75, 2, '2021-04-25 19:03:31', '116.115.105.139', 10086, '2021-04-25 19:03:31', NULL, NULL, 0, 0),
       (76, 2, '2021-04-25 19:14:51', '192.168.60.1', 10086, '2021-04-25 19:14:52', NULL, NULL, 0, 0),
       (77, 2, '2021-04-25 19:16:03', '192.168.60.1', 10086, '2021-04-25 19:16:03', NULL, NULL, 0, 0),
       (78, 2, '2021-04-25 19:17:07', '192.168.60.1', 10086, '2021-04-25 19:17:07', NULL, NULL, 0, 0),
       (79, 2, '2021-04-25 19:17:19', '183.192.236.181', 10086, '2021-04-25 19:17:18', NULL, NULL, 0, 0),
       (80, 2, '2021-04-25 19:23:07', '192.168.60.1', 10086, '2021-04-25 19:23:07', NULL, NULL, 0, 0),
       (81, 2, '2021-04-25 19:49:23', '192.168.60.1', 10086, '2021-04-25 19:49:23', NULL, NULL, 0, 0),
       (82, 2, '2021-04-25 19:49:57', '192.168.60.1', 10086, '2021-04-25 19:49:57', NULL, NULL, 0, 0),
       (83, 5, '2021-04-25 19:51:50', '192.168.60.1', 10086, '2021-04-25 19:51:50', NULL, NULL, 0, 0),
       (84, 2, '2021-04-25 19:52:46', '192.168.60.1', 10086, '2021-04-25 19:52:46', NULL, NULL, 0, 0),
       (85, 2, '2021-04-25 19:53:57', '192.168.60.1', 10086, '2021-04-25 19:53:57', NULL, NULL, 0, 0),
       (86, 2, '2021-04-25 19:55:17', '192.168.60.1', 10086, '2021-04-25 19:55:17', NULL, NULL, 0, 0),
       (87, 2, '2021-04-25 19:55:46', '192.168.60.1', 10086, '2021-04-25 19:55:46', NULL, NULL, 0, 0),
       (88, 2, '2021-04-25 19:58:34', '192.168.60.1', 10086, '2021-04-25 19:58:35', NULL, NULL, 0, 0),
       (89, 2, '2021-04-25 19:59:05', '192.168.60.1', 10086, '2021-04-25 19:59:05', NULL, NULL, 0, 0),
       (90, 2, '2021-04-25 19:59:34', '192.168.60.1', 10086, '2021-04-25 19:59:34', NULL, NULL, 0, 0),
       (91, 2, '2021-04-26 21:45:15', '183.192.236.181', 10086, '2021-04-26 21:45:15', NULL, NULL, 0, 0),
       (92, 2, '2021-04-26 22:22:15', '192.168.56.1', 10086, '2021-04-26 22:22:14', NULL, NULL, 0, 0),
       (93, 2, '2021-04-26 22:27:30', '192.168.56.1', 10086, '2021-04-26 22:27:30', NULL, NULL, 0, 0),
       (94, 2, '2021-04-28 21:00:16', '192.168.56.1', 10086, '2021-04-28 21:00:15', NULL, NULL, 0, 0),
       (95, 2, '2021-04-28 21:56:02', '192.168.56.1', 10086, '2021-04-28 21:56:01', NULL, NULL, 0, 0),
       (96, 2, '2021-04-29 11:48:36', '172.17.2.144', 10086, '2021-04-29 11:48:41', NULL, NULL, 0, 0),
       (97, 2, '2021-04-29 11:55:14', '172.17.2.144', 10086, '2021-04-29 11:55:18', NULL, NULL, 0, 0),
       (98, 2, '2021-04-29 11:55:56', '172.17.2.144', 10086, '2021-04-29 11:56:01', NULL, NULL, 0, 0),
       (99, 2, '2021-04-29 11:56:45', '172.17.2.144', 10086, '2021-04-29 11:56:49', NULL, NULL, 0, 0),
       (100, 2, '2021-04-29 13:16:29', '172.17.2.144', 10086, '2021-04-29 13:16:34', NULL, NULL, 0, 0),
       (101, 2, '2021-04-29 13:17:36', '172.17.2.144', 10086, '2021-04-29 13:17:41', NULL, NULL, 0, 0),
       (102, 2, '2021-04-29 13:47:20', '172.17.2.144', 10086, '2021-04-29 13:47:25', NULL, NULL, 0, 0),
       (103, 2, '2021-04-29 14:56:05', '172.17.2.144', 10086, '2021-04-29 14:56:10', NULL, NULL, 0, 0),
       (104, 2, '2021-04-29 15:09:00', '172.17.2.144', 10086, '2021-04-29 15:09:05', NULL, NULL, 0, 0),
       (105, 2, '2021-04-29 19:07:52', '192.168.56.1', 10086, '2021-04-29 19:07:50', NULL, NULL, 0, 0),
       (106, 2, '2021-04-30 12:27:17', '116.115.105.250', 10086, '2021-04-30 12:27:17', NULL, NULL, 0, 0),
       (107, 2, '2021-04-30 12:29:00', '116.115.105.250', 10086, '2021-04-30 12:28:59', NULL, NULL, 0, 0),
       (108, 2, '2021-04-30 12:30:53', '116.115.105.250', 10086, '2021-04-30 12:30:53', NULL, NULL, 0, 0),
       (109, 2, '2021-04-30 12:33:09', '116.115.105.250', 10086, '2021-04-30 12:33:09', NULL, NULL, 0, 0),
       (110, 2, '2021-04-30 12:34:31', '116.115.105.250', 10086, '2021-04-30 12:34:31', NULL, NULL, 0, 0),
       (111, 2, '2021-04-30 12:36:23', '116.115.105.250', 10086, '2021-04-30 12:36:23', NULL, NULL, 0, 0),
       (112, 2, '2021-04-30 12:41:40', '116.115.105.250', 10086, '2021-04-30 12:41:40', NULL, NULL, 0, 0),
       (113, 2, '2021-04-30 12:44:02', '116.115.105.250', 10086, '2021-04-30 12:44:01', NULL, NULL, 0, 0),
       (114, 2, '2021-04-30 15:10:01', '180.157.249.148', 10086, '2021-04-30 15:10:00', NULL, NULL, 0, 0),
       (115, 2, '2021-04-30 15:10:01', '180.157.249.148', 10086, '2021-04-30 15:10:00', NULL, NULL, 0, 0),
       (116, 2, '2021-04-30 15:10:01', '180.157.249.148', 10086, '2021-04-30 15:10:00', NULL, NULL, 0, 0),
       (117, 2, '2021-04-30 15:10:01', '180.157.249.148', 10086, '2021-04-30 15:10:01', NULL, NULL, 0, 0),
       (118, 2, '2021-04-30 19:18:46', '116.115.105.250', 10086, '2021-04-30 19:18:45', NULL, NULL, 0, 0),
       (119, 2, '2021-05-01 11:00:14', '183.192.236.181', 10086, '2021-05-01 11:00:14', NULL, NULL, 0, 0),
       (120, 2, '2021-05-01 11:06:50', '183.192.236.181', 10086, '2021-05-01 11:06:50', NULL, NULL, 0, 0),
       (121, 2, '2021-05-01 11:11:30', '192.168.56.1', 10086, '2021-05-01 11:11:29', NULL, NULL, 0, 0),
       (122, 2, '2021-05-01 11:18:33', '192.168.56.1', 10086, '2021-05-01 11:18:32', NULL, NULL, 0, 0),
       (123, 2, '2021-05-01 11:29:34', '192.168.56.1', 10086, '2021-05-01 11:29:33', NULL, NULL, 0, 0),
       (124, 2, '2021-05-01 23:23:10', '192.168.60.1', 10086, '2021-05-01 23:23:09', NULL, NULL, 0, 0),
       (125, 2, '2021-05-01 23:25:17', '192.168.60.1', 10086, '2021-05-01 23:25:16', NULL, NULL, 0, 0),
       (126, 2, '2021-05-01 23:25:36', '192.168.60.1', 10086, '2021-05-01 23:25:35', NULL, NULL, 0, 0),
       (127, 2, '2021-05-01 23:25:58', '192.168.60.1', 10086, '2021-05-01 23:25:58', NULL, NULL, 0, 0),
       (128, 2, '2021-05-01 23:30:44', '192.168.60.1', 10086, '2021-05-01 23:30:43', NULL, NULL, 0, 0),
       (129, 2, '2021-05-01 23:37:54', '192.168.60.1', 10086, '2021-05-01 23:37:53', NULL, NULL, 0, 0),
       (130, 2, '2021-05-01 23:40:57', '192.168.60.1', 10086, '2021-05-01 23:40:57', NULL, NULL, 0, 0),
       (131, 2, '2021-05-01 23:41:37', '192.168.60.1', 10086, '2021-05-01 23:41:37', NULL, NULL, 0, 0),
       (132, 2, '2021-05-01 23:42:16', '192.168.60.1', 10086, '2021-05-01 23:42:15', NULL, NULL, 0, 0),
       (133, 2, '2021-05-01 23:42:50', '192.168.60.1', 10086, '2021-05-01 23:42:50', NULL, NULL, 0, 0),
       (134, 2, '2021-05-01 23:45:25', '192.168.60.1', 10086, '2021-05-01 23:45:24', NULL, NULL, 0, 0),
       (135, 2, '2021-05-01 23:46:08', '192.168.60.1', 10086, '2021-05-01 23:46:07', NULL, NULL, 0, 0),
       (136, 2, '2021-05-01 23:52:34', '192.168.60.1', 10086, '2021-05-01 23:52:33', NULL, NULL, 0, 0),
       (137, 2, '2021-05-03 21:33:55', '192.168.60.1', 10086, '2021-05-03 21:33:55', NULL, NULL, 0, 0),
       (138, 2, '2021-05-03 21:35:07', '192.168.60.1', 10086, '2021-05-03 21:35:07', NULL, NULL, 0, 0),
       (139, 2, '2021-05-07 14:32:43', '192.168.60.1', 10086, '2021-05-07 14:32:42', NULL, NULL, 0, 0),
       (140, 2, '2021-05-07 14:33:37', '192.168.60.1', 10086, '2021-05-07 14:33:37', NULL, NULL, 0, 0),
       (141, 2, '2021-05-07 14:38:31', '192.168.60.1', 10086, '2021-05-07 14:38:31', NULL, NULL, 0, 0),
       (142, 2, '2021-05-07 14:39:01', '192.168.60.1', 10086, '2021-05-07 14:39:01', NULL, NULL, 0, 0),
       (143, 2, '2021-05-07 14:53:55', '192.168.60.1', 10086, '2021-05-07 14:53:55', NULL, NULL, 0, 0),
       (144, 2, '2021-05-07 14:55:19', '192.168.60.1', 10086, '2021-05-07 14:55:19', NULL, NULL, 0, 0),
       (145, 2, '2021-05-07 14:55:49', '192.168.60.1', 10086, '2021-05-07 14:55:48', NULL, NULL, 0, 0),
       (146, 2, '2021-05-13 22:33:06', '192.168.60.1', 10086, '2021-05-13 22:33:05', NULL, NULL, 0, 0),
       (147, 2, '2021-05-13 22:34:15', '192.168.60.1', 10086, '2021-05-13 22:34:15', NULL, NULL, 0, 0),
       (148, 2, '2021-05-13 22:42:12', '192.168.60.1', 10086, '2021-05-13 22:42:12', NULL, NULL, 0, 0),
       (149, 2, '2021-05-13 22:43:07', '192.168.60.1', 10086, '2021-05-13 22:43:06', NULL, NULL, 0, 0),
       (150, 2, '2021-05-13 22:43:40', '192.168.60.1', 10086, '2021-05-13 22:43:40', NULL, NULL, 0, 0),
       (151, 2, '2021-05-13 22:45:14', '192.168.60.1', 10086, '2021-05-13 22:45:13', NULL, NULL, 0, 0),
       (152, 2, '2021-05-13 22:49:23', '192.168.60.1', 10086, '2021-05-13 22:49:22', NULL, NULL, 0, 0),
       (153, 2, '2021-05-13 22:50:06', '192.168.60.1', 10086, '2021-05-13 22:50:05', NULL, NULL, 0, 0),
       (154, 2, '2021-05-14 09:07:26', '192.168.60.1', 10086, '2021-05-14 09:07:25', NULL, NULL, 0, 0),
       (155, 2, '2021-05-14 09:08:58', '192.168.60.1', 10086, '2021-05-14 09:08:57', NULL, NULL, 0, 0),
       (156, 2, '2021-05-14 09:41:25', '192.168.60.1', 10086, '2021-05-14 09:41:25', NULL, NULL, 0, 0),
       (157, 2, '2021-05-14 15:50:07', '192.168.60.1', 10086, '2021-05-14 15:50:06', NULL, NULL, 0, 0),
       (158, 2, '2021-05-14 16:10:35', '192.168.60.1', 10086, '2021-05-14 16:10:35', NULL, NULL, 0, 0),
       (159, 2, '2021-05-14 16:11:54', '192.168.60.1', 10086, '2021-05-14 16:11:53', NULL, NULL, 0, 0),
       (160, 2, '2021-05-14 16:23:39', '192.168.60.1', 10086, '2021-05-14 16:23:39', NULL, NULL, 0, 0),
       (161, 2, '2021-05-14 16:30:41', '192.168.60.1', 10086, '2021-05-14 16:30:40', NULL, NULL, 0, 0),
       (162, 2, '2021-05-14 16:31:42', '192.168.60.1', 10086, '2021-05-14 16:31:42', NULL, NULL, 0, 0),
       (163, 2, '2021-05-14 17:02:55', '192.168.60.1', 10086, '2021-05-14 17:02:54', NULL, NULL, 0, 0),
       (164, 2, '2021-05-14 17:21:09', '192.168.60.1', 10086, '2021-05-14 17:21:09', NULL, NULL, 0, 0),
       (165, 2, '2021-05-14 21:17:17', '192.168.60.1', 10086, '2021-05-14 21:17:16', NULL, NULL, 0, 0),
       (166, 2, '2021-05-14 21:20:19', '192.168.60.1', 10086, '2021-05-14 21:20:19', NULL, NULL, 0, 0),
       (167, 2, '2021-05-16 16:02:54', '192.168.60.1', 10086, '2021-05-16 16:02:53', NULL, NULL, 0, 0),
       (168, 2, '2021-05-16 16:07:01', '192.168.60.1', 10086, '2021-05-16 16:07:01', NULL, NULL, 0, 0),
       (169, 2, '2021-05-26 11:47:38', '192.168.60.1', 10086, '2021-05-26 11:47:38', NULL, NULL, 0, 0),
       (170, 2, '2021-05-26 11:52:53', '192.168.60.1', 10086, '2021-05-26 11:52:52', NULL, NULL, 0, 0),
       (171, 2, '2021-05-26 11:54:25', '192.168.60.1', 10086, '2021-05-26 11:54:24', NULL, NULL, 0, 0),
       (172, 2, '2021-05-26 11:56:01', '192.168.60.1', 10086, '2021-05-26 11:56:01', NULL, NULL, 0, 0),
       (173, 2, '2021-05-26 12:07:56', '192.168.60.1', 10086, '2021-05-26 12:07:56', NULL, NULL, 0, 0),
       (174, 2, '2021-05-26 12:11:56', '192.168.60.1', 10086, '2021-05-26 12:11:55', NULL, NULL, 0, 0),
       (175, 2, '2021-05-26 12:15:19', '192.168.60.1', 10086, '2021-05-26 12:15:18', NULL, NULL, 0, 0),
       (176, 2, '2021-05-26 12:17:06', '192.168.60.1', 10086, '2021-05-26 12:17:05', NULL, NULL, 0, 0),
       (177, 2, '2021-05-26 12:20:06', '192.168.60.1', 10086, '2021-05-26 12:20:06', NULL, NULL, 0, 0),
       (178, 2, '2021-05-26 12:39:16', '192.168.60.1', 10086, '2021-05-26 12:39:16', NULL, NULL, 0, 0),
       (179, 2, '2021-05-26 12:40:53', '192.168.60.1', 10086, '2021-05-26 12:40:53', NULL, NULL, 0, 0),
       (180, 1, '2021-05-26 14:58:40', '192.168.60.1', 10086, '2021-05-26 14:58:39', NULL, NULL, 0, 0),
       (181, 2, '2021-05-26 14:58:56', '192.168.60.1', 10086, '2021-05-26 14:58:55', NULL, NULL, 0, 0),
       (182, 1, '2021-05-26 14:59:51', '192.168.60.1', 10086, '2021-05-26 14:59:51', NULL, NULL, 0, 0),
       (183, 2, '2021-05-26 15:00:50', '192.168.60.1', 1, '2021-05-26 15:00:49', NULL, NULL, 0, 0),
       (184, 2, '2021-05-26 15:02:13', '192.168.60.1', 10086, '2021-05-26 15:02:12', NULL, NULL, 0, 0),
       (185, 2, '2021-05-26 15:08:36', '192.168.60.1', 10086, '2021-05-26 15:08:36', NULL, NULL, 0, 0),
       (186, 2, '2021-05-26 15:13:43', '192.168.60.1', 10086, '2021-05-26 15:13:42', NULL, NULL, 0, 0),
       (187, 2, '2021-05-26 16:05:37', '192.168.60.1', 10086, '2021-05-26 16:05:36', NULL, NULL, 0, 0),
       (188, 1, '2021-05-26 16:08:44', '192.168.60.1', 10086, '2021-05-26 16:08:44', NULL, NULL, 0, 0),
       (189, 2, '2021-05-26 16:09:34', '192.168.60.1', 10086, '2021-05-26 16:09:34', NULL, NULL, 0, 0),
       (190, 2, '2021-05-27 16:50:06', '192.168.60.1', 10086, '2021-05-27 16:50:05', NULL, NULL, 0, 0),
       (191, 2, '2021-05-27 16:50:06', '192.168.60.1', 2, '2021-05-27 16:50:06', NULL, NULL, 0, 0),
       (192, 2, '2021-05-27 23:11:57', '192.168.60.1', 10086, '2021-05-27 23:11:56', NULL, NULL, 0, 0),
       (193, 2, '2021-05-28 22:34:06', '192.168.60.1', 10086, '2021-05-28 22:34:05', NULL, NULL, 0, 0),
       (194, 2, '2021-05-28 22:43:42', '192.168.60.1', 10086, '2021-05-28 22:43:41', NULL, NULL, 0, 0),
       (195, 2, '2021-05-28 22:54:04', '192.168.60.1', 10086, '2021-05-28 22:54:04', NULL, NULL, 0, 0),
       (196, 2, '2021-05-28 22:55:05', '192.168.60.1', 10086, '2021-05-28 22:55:05', NULL, NULL, 0, 0),
       (197, 2, '2021-05-29 11:32:44', '192.168.60.1', 10086, '2021-05-29 11:32:43', NULL, NULL, 0, 0),
       (198, 2, '2021-05-29 11:35:10', '192.168.60.1', 10086, '2021-05-29 11:35:10', NULL, NULL, 0, 0),
       (199, 2, '2021-05-29 11:36:17', '192.168.60.1', 10086, '2021-05-29 11:36:16', NULL, NULL, 0, 0),
       (200, 2, '2021-05-29 11:38:11', '192.168.60.1', 10086, '2021-05-29 11:38:10', NULL, NULL, 0, 0),
       (201, 2, '2021-05-29 11:39:45', '192.168.60.1', 10086, '2021-05-29 11:39:45', NULL, NULL, 0, 0),
       (202, 2, '2021-05-29 11:43:19', '192.168.60.1', 10086, '2021-05-29 11:43:19', NULL, NULL, 0, 0),
       (203, 2, '2021-05-29 11:52:20', '192.168.60.1', 10086, '2021-05-29 11:52:20', NULL, NULL, 0, 0),
       (204, 2, '2021-05-29 11:53:55', '192.168.60.1', 10086, '2021-05-29 11:53:55', NULL, NULL, 0, 0),
       (205, 2, '2021-05-29 20:35:00', '192.168.60.1', 10086, '2021-05-29 20:34:59', NULL, NULL, 0, 0),
       (206, 1, '2021-05-29 20:35:26', '192.168.60.1', 10086, '2021-05-29 20:35:25', NULL, NULL, 0, 0),
       (207, 2, '2021-05-29 20:47:28', '192.168.60.1', 10086, '2021-05-29 20:47:28', NULL, NULL, 0, 0),
       (208, 2, '2021-05-29 20:47:55', '192.168.60.1', 10086, '2021-05-29 20:47:55', NULL, NULL, 0, 0),
       (209, 2, '2021-05-29 20:48:08', '192.168.60.1', 10086, '2021-05-29 20:48:07', NULL, NULL, 0, 0),
       (210, 2, '2021-05-29 20:49:05', '192.168.60.1', 10086, '2021-05-29 20:49:05', NULL, NULL, 0, 0),
       (211, 2, '2021-05-29 20:49:14', '192.168.60.1', 10086, '2021-05-29 20:49:14', NULL, NULL, 0, 0),
       (212, 2, '2021-05-29 20:49:42', '192.168.60.1', 10086, '2021-05-29 20:49:41', NULL, NULL, 0, 0),
       (213, 2, '2021-05-29 20:49:52', '192.168.60.1', 10086, '2021-05-29 20:49:51', NULL, NULL, 0, 0),
       (214, 2, '2021-05-29 20:52:16', '192.168.60.1', 10086, '2021-05-29 20:52:16', NULL, NULL, 0, 0),
       (215, 2, '2021-05-29 20:58:08', '192.168.60.1', 10086, '2021-05-29 20:58:08', NULL, NULL, 0, 0),
       (216, 2, '2021-05-29 21:00:27', '192.168.60.1', 10086, '2021-05-29 21:00:27', NULL, NULL, 0, 0),
       (217, 2, '2021-05-29 21:01:09', '192.168.60.1', 10086, '2021-05-29 21:01:09', NULL, NULL, 0, 0),
       (218, 2, '2021-05-29 23:25:08', '192.168.60.1', 10086, '2021-05-29 23:25:07', NULL, NULL, 0, 0),
       (219, 2, '2021-05-30 00:09:57', '192.168.60.1', 10086, '2021-05-30 00:09:57', NULL, NULL, 0, 0),
       (220, 2, '2021-05-30 00:11:17', '192.168.60.1', 10086, '2021-05-30 00:11:17', NULL, NULL, 0, 0),
       (221, 1, '2021-05-30 00:11:33', '192.168.60.1', 10086, '2021-05-30 00:11:32', NULL, NULL, 0, 0),
       (222, 2, '2021-05-30 17:29:53', '192.168.60.1', 10086, '2021-05-30 17:29:52', NULL, NULL, 0, 0),
       (223, 2, '2021-05-30 17:31:31', '192.168.60.1', 10086, '2021-05-30 17:31:31', NULL, NULL, 0, 0),
       (224, 2, '2021-05-30 20:14:04', '192.168.60.1', 10086, '2021-05-30 20:14:03', NULL, NULL, 0, 0),
       (225, 2, '2021-05-30 20:19:23', '192.168.60.1', 10086, '2021-05-30 20:19:22', NULL, NULL, 0, 0),
       (226, 2, '2021-05-30 20:34:41', '192.168.60.1', 10086, '2021-05-30 20:34:41', NULL, NULL, 0, 0),
       (227, 2, '2021-05-30 20:35:41', '192.168.60.1', 10086, '2021-05-30 20:35:41', NULL, NULL, 0, 0),
       (228, 2, '2021-05-30 21:10:15', '192.168.60.1', 10086, '2021-05-30 21:10:15', NULL, NULL, 0, 0),
       (229, 2, '2021-05-30 21:11:41', '192.168.60.1', 10086, '2021-05-30 21:11:41', NULL, NULL, 0, 0),
       (230, 2, '2021-05-30 21:14:02', '192.168.60.1', 10086, '2021-05-30 21:14:02', NULL, NULL, 0, 0),
       (231, 2, '2021-05-30 21:14:39', '192.168.60.1', 10086, '2021-05-30 21:14:38', NULL, NULL, 0, 0),
       (232, 1, '2021-05-30 21:24:07', '192.168.60.1', 10086, '2021-05-30 21:24:07', NULL, NULL, 0, 0),
       (233, 1, '2021-05-30 21:30:35', '192.168.60.1', 10086, '2021-05-30 21:30:35', NULL, NULL, 0, 0),
       (234, 1, '2021-05-30 21:31:28', '192.168.60.1', 10086, '2021-05-30 21:31:28', NULL, NULL, 0, 0),
       (235, 1, '2021-05-30 21:32:40', '192.168.60.1', 10086, '2021-05-30 21:32:40', NULL, NULL, 0, 0),
       (236, 2, '2021-05-30 21:33:13', '192.168.60.1', 10086, '2021-05-30 21:33:13', NULL, NULL, 0, 0),
       (237, 1, '2021-05-30 21:33:34', '192.168.60.1', 10086, '2021-05-30 21:33:33', NULL, NULL, 0, 0),
       (238, 2, '2021-05-30 21:39:58', '192.168.60.1', 10086, '2021-05-30 21:39:57', NULL, NULL, 0, 0),
       (239, 1, '2021-05-30 21:56:29', '192.168.60.1', 10086, '2021-05-30 21:56:29', NULL, NULL, 0, 0),
       (240, 2, '2021-05-30 22:31:41', '192.168.60.1', 10086, '2021-05-30 22:31:40', NULL, NULL, 0, 0),
       (241, 2, '2021-05-31 19:26:15', '192.168.60.1', 10086, '2021-05-31 19:26:15', NULL, NULL, 0, 0),
       (242, 2, '2021-05-31 19:27:09', '192.168.60.1', 10086, '2021-05-31 19:27:08', NULL, NULL, 0, 0),
       (243, 2, '2021-05-31 19:27:37', '192.168.60.1', 10086, '2021-05-31 19:27:36', NULL, NULL, 0, 0),
       (244, 2, '2021-05-31 19:29:33', '192.168.60.1', 10086, '2021-05-31 19:29:32', NULL, NULL, 0, 0),
       (245, 2, '2021-05-31 20:28:41', '192.168.60.1', 10086, '2021-05-31 20:28:41', NULL, NULL, 0, 0),
       (246, 2, '2021-05-31 20:29:27', '192.168.60.1', 10086, '2021-05-31 20:29:26', NULL, NULL, 0, 0),
       (247, 2, '2021-05-31 20:33:35', '192.168.60.1', 10086, '2021-05-31 20:33:35', NULL, NULL, 0, 0),
       (248, 2, '2021-05-31 20:37:12', '192.168.60.1', 10086, '2021-05-31 20:37:11', NULL, NULL, 0, 0),
       (249, 2, '2021-05-31 20:37:51', '192.168.60.1', 10086, '2021-05-31 20:37:51', NULL, NULL, 0, 0),
       (250, 2, '2021-05-31 20:44:00', '192.168.60.1', 10086, '2021-05-31 20:44:00', NULL, NULL, 0, 0),
       (251, 2, '2021-05-31 21:09:12', '192.168.60.1', 10086, '2021-05-31 21:09:11', NULL, NULL, 0, 0),
       (252, 2, '2021-05-31 21:09:31', '192.168.60.1', 2, '2021-05-31 21:09:31', NULL, NULL, 0, 0),
       (253, 1, '2021-05-31 21:09:55', '192.168.60.1', 10086, '2021-05-31 21:09:54', NULL, NULL, 0, 0),
       (254, 2, '2021-05-31 21:18:22', '192.168.60.1', 10086, '2021-05-31 21:18:22', NULL, NULL, 0, 0),
       (255, 1, '2021-05-31 21:22:35', '192.168.60.1', 10086, '2021-05-31 21:22:35', NULL, NULL, 0, 0),
       (256, 2, '2021-05-31 21:24:19', '192.168.60.1', 10086, '2021-05-31 21:24:18', NULL, NULL, 0, 0),
       (257, 2, '2021-05-31 21:38:47', '192.168.60.1', 1, '2021-05-31 21:38:47', NULL, NULL, 0, 0),
       (258, 1, '2021-05-31 22:08:58', '192.168.60.1', 10086, '2021-05-31 22:08:58', NULL, NULL, 0, 0),
       (259, 2, '2021-05-31 22:11:33', '192.168.60.1', 10086, '2021-05-31 22:11:32', NULL, NULL, 0, 0),
       (260, 2, '2021-05-31 22:12:24', '192.168.60.1', 10086, '2021-05-31 22:12:23', NULL, NULL, 0, 0),
       (261, 2, '2021-05-31 22:33:07', '192.168.60.1', 10086, '2021-05-31 22:33:06', NULL, NULL, 0, 0),
       (262, 2, '2021-05-31 22:37:31', '192.168.60.1', 10086, '2021-05-31 22:37:31', NULL, NULL, 0, 0),
       (263, 2, '2021-05-31 22:38:05', '192.168.60.1', 10086, '2021-05-31 22:38:04', NULL, NULL, 0, 0),
       (264, 1, '2021-05-31 22:38:21', '192.168.60.1', 10086, '2021-05-31 22:38:21', NULL, NULL, 0, 0),
       (265, 2, '2021-05-31 22:38:30', '192.168.60.1', 10086, '2021-05-31 22:38:29', NULL, NULL, 0, 0),
       (266, 2, '2021-05-31 22:38:51', '192.168.60.1', 10086, '2021-05-31 22:38:50', NULL, NULL, 0, 0),
       (267, 1, '2021-05-31 22:43:53', '192.168.60.1', 10086, '2021-05-31 22:43:52', NULL, NULL, 0, 0),
       (268, 1, '2021-05-31 22:44:56', '192.168.60.1', 10086, '2021-05-31 22:44:56', NULL, NULL, 0, 0),
       (269, 2, '2021-05-31 22:45:17', '192.168.60.1', 10086, '2021-05-31 22:45:17', NULL, NULL, 0, 0),
       (270, 2, '2021-05-31 22:46:33', '192.168.60.1', 10086, '2021-05-31 22:46:33', NULL, NULL, 0, 0),
       (271, 2, '2021-06-01 10:43:41', '192.168.60.1', 10086, '2021-06-01 10:43:41', NULL, NULL, 0, 0),
       (272, 1, '2021-06-01 10:43:57', '192.168.60.1', 2, '2021-06-01 10:43:56', NULL, NULL, 0, 0),
       (273, 2, '2021-06-01 10:44:54', '192.168.60.1', 10086, '2021-06-01 10:44:54', NULL, NULL, 0, 0),
       (274, 2, '2021-06-01 10:45:28', '192.168.60.1', 10086, '2021-06-01 10:45:28', NULL, NULL, 0, 0),
       (275, 2, '2021-06-01 10:46:52', '192.168.60.1', 10086, '2021-06-01 10:46:52', NULL, NULL, 0, 0),
       (276, 2, '2021-06-01 10:47:32', '192.168.60.1', 10086, '2021-06-01 10:47:32', NULL, NULL, 0, 0),
       (277, 2, '2021-06-01 10:47:48', '192.168.60.1', 10086, '2021-06-01 10:47:48', NULL, NULL, 0, 0),
       (278, 2, '2021-06-01 10:50:44', '192.168.60.1', 10086, '2021-06-01 10:50:44', NULL, NULL, 0, 0),
       (279, 1, '2021-06-01 10:53:51', '192.168.60.1', 2, '2021-06-01 10:53:51', NULL, NULL, 0, 0),
       (280, 2, '2021-06-01 10:54:45', '192.168.60.1', 10086, '2021-06-01 10:54:45', NULL, NULL, 0, 0),
       (281, 2, '2021-06-01 11:47:59', '192.168.60.1', 10086, '2021-06-01 11:47:58', NULL, NULL, 0, 0),
       (282, 19, '2021-06-01 11:51:50', '192.168.60.1', 10086, '2021-06-01 11:51:50', NULL, NULL, 0, 0),
       (283, 2, '2021-06-01 11:52:04', '192.168.60.1', 10086, '2021-06-01 11:52:04', NULL, NULL, 0, 0),
       (284, 2, '2021-06-01 11:53:47', '192.168.60.1', 10086, '2021-06-01 11:53:47', NULL, NULL, 0, 0),
       (285, 1, '2021-06-01 11:54:47', '192.168.60.1', 10086, '2021-06-01 11:54:47', NULL, NULL, 0, 0);

/*Table structure for table `menu` */

DROP TABLE IF EXISTS `menu`;

CREATE TABLE `menu`
(
    `id`             int(200)     NOT NULL AUTO_INCREMENT,
    `menu_name`      varchar(200) NOT NULL COMMENT '菜单名',
    `menu_level`     int(200)     NOT NULL COMMENT '菜单等级',
    `menu_parent_id` int(200)     NOT NULL COMMENT '父菜单',
    `menu_url`       varchar(200) NOT NULL COMMENT 'url',
    `menu_activate`  varchar(200) NOT NULL COMMENT '是否激活',
    `remake`         varchar(200) NOT NULL,
    `creator_id`     int(11)      NOT NULL DEFAULT '1',
    `create_time`    datetime              DEFAULT CURRENT_TIMESTAMP,
    `modify_id`      int(11)               DEFAULT NULL,
    `modify_time`    datetime              DEFAULT NULL ON UPDATE CURRENT_TIMESTAMP,
    `deleted`        tinyint(4)            DEFAULT '0',
    `fversion`       int(11)               DEFAULT '0',
    PRIMARY KEY (`id`) USING BTREE
) ENGINE = InnoDB
  AUTO_INCREMENT = 20
  DEFAULT CHARSET = utf8
  ROW_FORMAT = DYNAMIC;

/*Data for the table `menu` */

insert into `menu`(`id`, `menu_name`, `menu_level`, `menu_parent_id`, `menu_url`, `menu_activate`, `remake`,
                   `creator_id`, `create_time`, `modify_id`, `modify_time`, `deleted`, `fversion`)
values (1, '员工管理', 1, 0, '无', 'on', '无', 1, '2021-04-14 09:27:50', 2, '2021-05-27 23:14:50', 0, 0),
       (3, '权限管理', 1, 0, '无', 'on', '这个是权限管理的根目录', 1, '2021-04-14 09:27:50', NULL, NULL, 0, 0),
       (4, '菜单管理', 2, 3, 'menuView', 'on', '菜单管理', 1, '2021-04-14 09:27:50', NULL, NULL, 0, 0),
       (5, '角色管理', 2, 3, 'roleView', 'on', '角色管理', 1, '2021-04-14 09:27:50', NULL, NULL, 0, 0),
       (6, '用户管理', 2, 1, 'userView', 'on', '用户管理', 1, '2021-04-14 09:27:50', NULL, NULL, 0, 0),
       (10, '用户信息', 1, 0, 'userInfo', 'on', '用户信息', 1, '2021-04-14 09:27:50', NULL, NULL, 0, 0),
       (11, '汽车管理', 1, 0, '无', 'on', '汽车管理', 1, '2021-04-14 09:27:50', NULL, NULL, 0, 0),
       (12, '汽车信息管理', 2, 11, 'carInfo', 'on', '汽车信息', 1, '2021-04-14 09:27:50', NULL, NULL, 0, 0),
       (13, '汽车类型管理', 2, 11, 'carType', 'on', '汽车类型信息', 1, '2021-04-14 09:27:50', NULL, NULL, 0, 0),
       (14, '登录日志', 1, 0, 'loginLog', 'on', '登录日志', 1, '2021-04-14 09:27:50', NULL, NULL, 0, 0),
       (15, '客户管理', 1, 0, 'customer', 'on', 'ss', 10086, '2021-04-23 00:09:16', NULL, NULL, 0, 0),
       (16, '公告管理', 1, 0, 'notice', 'on', 'lll', 10086, '2021-04-23 00:28:25', 10086, '2021-04-23 00:29:14', 0, 0),
       (17, '订单管理', 1, 0, 'order', 'on', '订单', 10086, '2021-04-23 00:57:37', NULL, NULL, 0, 0),
       (18, '轮播管理', 1, 0, 'carousel', 'on', '信息', 2, '2021-04-28 21:01:24', NULL, NULL, 0, 0);

/*Table structure for table `menu_role` */

DROP TABLE IF EXISTS `menu_role`;

CREATE TABLE `menu_role`
(
    `menu_id` int(200) NOT NULL,
    `role_id` int(200) NOT NULL,
    PRIMARY KEY (`menu_id`, `role_id`) USING BTREE
) ENGINE = InnoDB
  DEFAULT CHARSET = utf8
  ROW_FORMAT = DYNAMIC;

/*Data for the table `menu_role` */

insert into `menu_role`(`menu_id`, `role_id`)
values (1, 1),
       (1, 2),
       (1, 9),
       (3, 1),
       (4, 1),
       (5, 1),
       (6, 1),
       (6, 2),
       (6, 9),
       (10, 1),
       (11, 1),
       (11, 3),
       (12, 1),
       (12, 3),
       (13, 1),
       (13, 3),
       (14, 1),
       (14, 3),
       (15, 4),
       (16, 4),
       (17, 4),
       (18, 4);

/*Table structure for table `notice` */

DROP TABLE IF EXISTS `notice`;

CREATE TABLE `notice`
(
    `id`          int(11)      NOT NULL AUTO_INCREMENT,
    `title`       varchar(200) NOT NULL COMMENT '标题',
    `context`     varchar(200) NOT NULL COMMENT '内容',
    `creator_id`  int(11)      NOT NULL DEFAULT '1',
    `create_time` datetime              DEFAULT CURRENT_TIMESTAMP,
    `modify_id`   int(11)               DEFAULT NULL,
    `modify_time` datetime              DEFAULT NULL ON UPDATE CURRENT_TIMESTAMP,
    `deleted`     tinyint(4)            DEFAULT '0',
    `fversion`    int(11)               DEFAULT '0',
    `remaker`     varchar(255)          DEFAULT NULL,
    PRIMARY KEY (`id`) USING BTREE
) ENGINE = InnoDB
  AUTO_INCREMENT = 10
  DEFAULT CHARSET = utf8
  ROW_FORMAT = DYNAMIC;

/*Data for the table `notice` */

insert into `notice`(`id`, `title`, `context`, `creator_id`, `create_time`, `modify_id`, `modify_time`, `deleted`,
                     `fversion`, `remaker`)
values (1, '新车上架', '2021款上汽大众帕萨特280TSI到底有什么配置，到底值不值。今天我们就细品一下。总之，现在开帕萨特应该不用考虑带不带头盔的问题了。', 1, '2021-04-20 00:13:45', 2,
        '2021-05-14 16:13:58', 0, 0, NULL),
       (3, '租车活动', '租车送水', 1, '2021-04-23 22:19:25', NULL, '2021-04-24 23:36:04', 0, 0, NULL),
       (7, '发布公告', '租车促销', 2, '2021-04-25 17:43:56', NULL, NULL, 0, 0, NULL),
       (8, '租车的公告', '通知', 1, '2021-04-25 17:48:11', NULL, NULL, 0, 0, NULL),
       (9, '标题', '公告内容', 1, '2021-05-31 22:15:24', NULL, '2021-05-31 22:15:29', 1, 0, NULL);

/*Table structure for table `role` */

DROP TABLE IF EXISTS `role`;

CREATE TABLE `role`
(
    `id`          int(200)     NOT NULL AUTO_INCREMENT,
    `role_name`   varchar(200) NOT NULL,
    `activate`    varchar(200) NOT NULL,
    `remake`      varchar(200) NOT NULL,
    `creator_id`  int(11)      NOT NULL DEFAULT '1',
    `create_time` datetime              DEFAULT CURRENT_TIMESTAMP,
    `modify_id`   int(11)               DEFAULT NULL,
    `modify_time` datetime              DEFAULT NULL ON UPDATE CURRENT_TIMESTAMP,
    `deleted`     tinyint(4)            DEFAULT '0',
    `fversion`    int(11)               DEFAULT '0',
    PRIMARY KEY (`id`) USING BTREE
) ENGINE = InnoDB
  AUTO_INCREMENT = 10
  DEFAULT CHARSET = utf8
  ROW_FORMAT = DYNAMIC;

/*Data for the table `role` */

insert into `role`(`id`, `role_name`, `activate`, `remake`, `creator_id`, `create_time`, `modify_id`, `modify_time`,
                   `deleted`, `fversion`)
values (1, 'admin', 'on', 'admin', 1, '2021-04-14 09:27:49', NULL, NULL, 0, 0),
       (3, '经理', 'on', 'leader', 1, '2021-04-14 09:27:49', NULL, NULL, 0, 0),
       (4, '销售', 'on', '销售', 10086, '2021-04-22 10:11:51', 2, '2021-05-31 22:00:11', 0, 0),
       (9, 'yanshi', 'on', 'yanshi', 2, '2021-06-01 11:50:46', NULL, NULL, 0, 0);

/*Table structure for table `user` */

DROP TABLE IF EXISTS `user`;

CREATE TABLE `user`
(
    `id`          int(200)     NOT NULL AUTO_INCREMENT,
    `username`    varchar(200) NOT NULL,
    `password`    varchar(200) NOT NULL,
    `remake`      varchar(200)          DEFAULT NULL,
    `activate`    varchar(200)          DEFAULT NULL,
    `email`       varchar(255)          DEFAULT NULL COMMENT '邮箱',
    `phone`       varchar(255)          DEFAULT NULL COMMENT '电话',
    `gender`      varchar(255)          DEFAULT NULL COMMENT '性别',
    `creator_id`  int(11)      NOT NULL DEFAULT '1',
    `create_time` datetime              DEFAULT CURRENT_TIMESTAMP,
    `modify_id`   int(11)               DEFAULT NULL,
    `modify_time` datetime              DEFAULT NULL ON UPDATE CURRENT_TIMESTAMP,
    `deleted`     tinyint(4)            DEFAULT '0',
    `fversion`    int(11)               DEFAULT '0',
    PRIMARY KEY (`id`) USING BTREE
) ENGINE = InnoDB
  AUTO_INCREMENT = 20
  DEFAULT CHARSET = utf8
  ROW_FORMAT = DYNAMIC;

/*Data for the table `user` */

insert into `user`(`id`, `username`, `password`, `remake`, `activate`, `email`, `phone`, `gender`, `creator_id`,
                   `create_time`, `modify_id`, `modify_time`, `deleted`, `fversion`)
values (1, 'zhangsan', '123456', '00000', 'on', 'zhangsan@163.com', '15233336666', '男', 1, '2021-04-14 09:25:42', 10086,
        '2021-05-31 22:46:46', 0, 0),
       (2, 'admin', '123456', '00000', 'on', 'admin@rentcar.com', '15704958754', '男', 1, '2021-04-14 09:25:42', 10086,
        '2021-04-22 15:38:29', 0, 22),
       (4, 'wangwu', '123456', '', 'on', 'wangwu@163.com', '18919340423', '男', 1, '2021-04-14 09:25:42', 2,
        '2021-05-31 22:08:17', 0, 0),
       (5, 'huhaodong', '123456', '', 'on', '1345578485@qq.com', '15547727876', '男', 1, '2021-04-14 09:25:42', 2,
        '2021-05-31 22:08:00', 0, 0),
       (7, 'xiaoming', '123456', '', 'on', '1347108252@qq.com', '15704958754', '女', 10086, '2021-04-22 10:10:38', 2,
        '2021-05-26 12:20:51', 0, 0),
       (19, 'yanshi', '123456', '无', 'on', 'yanshi@163.com', '15704958799', '男', 2, '2021-06-01 11:48:38', 2,
        '2021-06-01 11:48:53', 0, 0);

/*Table structure for table `user_role` */

DROP TABLE IF EXISTS `user_role`;

CREATE TABLE `user_role`
(
    `user_id` int(200) NOT NULL,
    `role_id` int(200) NOT NULL,
    PRIMARY KEY (`user_id`, `role_id`) USING BTREE
) ENGINE = InnoDB
  DEFAULT CHARSET = utf8
  ROW_FORMAT = DYNAMIC;

/*Data for the table `user_role` */

insert into `user_role`(`user_id`, `role_id`)
values (1, 4),
       (2, 1),
       (3, 2),
       (4, 2),
       (5, 2),
       (6, 3),
       (19, 9);

/*!40101 SET SQL_MODE = @OLD_SQL_MODE */;
/*!40014 SET FOREIGN_KEY_CHECKS = @OLD_FOREIGN_KEY_CHECKS */;
/*!40014 SET UNIQUE_CHECKS = @OLD_UNIQUE_CHECKS */;
/*!40111 SET SQL_NOTES = @OLD_SQL_NOTES */;
